Time,Date,Name,Email
17Mar2016,18h05m29s,John Kohlsmith 17Mar201618h05m29s,johns.staging.tester+17Mar201618h05m29s@gmail.com
17Mar2016,18h06m32s,John Kohlsmith 17Mar201618h06m32s,johns.staging.tester+17Mar201618h06m32s@gmail.com
17Mar2016,18h07m24s,John Kohlsmith 17Mar201618h07m24s,johns.staging.tester+17Mar201618h07m24s@gmail.com
17Mar2016,18h10m18s,John Kohlsmith 17Mar201618h10m18s,johns.staging.tester+17Mar201618h10m18s@gmail.com
17Mar2016,18h10m54s,John Kohlsmith 17Mar201618h10m54s,johns.staging.tester+17Mar201618h10m54s@gmail.com
17Mar2016,18h11m28s,John Kohlsmith 17Mar201618h11m28s,johns.staging.tester+17Mar201618h11m28s@gmail.com
17Mar2016,18h11m43s,John Kohlsmith 17Mar201618h11m43s,johns.staging.tester+17Mar201618h11m43s@gmail.com
17Mar2016,18h17m03s,John Kohlsmith 17Mar201618h17m03s,johns.staging.tester+17Mar201618h17m03s@gmail.com
17Mar2016,18h17m37s,John Kohlsmith 17Mar201618h17m37s,johns.staging.tester+17Mar201618h17m37s@gmail.com
17Mar2016,18h19m35s,John Kohlsmith 17Mar201618h19m35s,johns.staging.tester+17Mar201618h19m35s@gmail.com
17Mar2016,18h20m36s,John Kohlsmith 17Mar201618h20m36s,johns.staging.tester+17Mar201618h20m36s@gmail.com
17Mar2016,18h20m52s,John Kohlsmith 17Mar201618h20m52s,johns.staging.tester+17Mar201618h20m52s@gmail.com
17Mar2016,18h21m04s,John Kohlsmith 17Mar201618h21m04s,johns.staging.tester+17Mar201618h21m04s@gmail.com
17Mar2016,18h21m15s,John Kohlsmith 17Mar201618h21m15s,johns.staging.tester+17Mar201618h21m15s@gmail.com
17Mar2016,18h28m09s,John Kohlsmith 17Mar201618h28m09s,johns.staging.tester+17Mar201618h28m09s@gmail.com
17Mar2016,18h28m21s,John Kohlsmith 17Mar201618h28m21s,johns.staging.tester+17Mar201618h28m21s@gmail.com
17Mar2016,18h28m30s,John Kohlsmith 17Mar201618h28m30s,johns.staging.tester+17Mar201618h28m30s@gmail.com
17Mar2016,18h28m40s,John Kohlsmith 17Mar201618h28m40s,johns.staging.tester+17Mar201618h28m40s@gmail.com
17Mar2016,18h28m54s,John Kohlsmith 17Mar201618h28m54s,johns.staging.tester+17Mar201618h28m54s@gmail.com
17Mar2016,18h31m09s,John Kohlsmith 17Mar201618h31m09s,johns.staging.tester+17Mar201618h31m09s@gmail.com
18Mar2016,20h25m56s,John Kohlsmith 18Mar201620h25m56s,johns.staging.tester+18Mar201620h25m56s@gmail.com
18Mar2016,20h35m46s,John Kohlsmith 18Mar201620h35m46s,johns.staging.tester+18Mar201620h35m46s@gmail.com
18Mar2016,20h39m29s,John Kohlsmith 18Mar201620h39m29s,johns.staging.tester+18Mar201620h39m29s@gmail.com
18Mar2016,20h40m28s,John Kohlsmith 18Mar201620h40m28s,johns.staging.tester+18Mar201620h40m28s@gmail.com
18Mar2016,20h42m57s,John Kohlsmith 18Mar201620h42m57s,johns.staging.tester+18Mar201620h42m57s@gmail.com
18Mar2016,20h43m57s,John Kohlsmith 18Mar201620h43m57s,johns.staging.tester+18Mar201620h43m57s@gmail.com
18Mar2016,20h53m03s,John Kohlsmith 18Mar201620h53m03s,johns.staging.tester+18Mar201620h53m03s@gmail.com
18Mar2016,21h16m37s,John Kohlsmith 18Mar201621h16m37s,johns.staging.tester+18Mar201621h16m37s@gmail.com
18Mar2016,21h17m14s,John Kohlsmith 18Mar201621h17m14s,johns.staging.tester+18Mar201621h17m14s@gmail.com
18Mar2016,21h24m57s,John Kohlsmith 18Mar201621h24m57s,johns.staging.tester+18Mar201621h24m57s@gmail.com
18Mar2016,21h26m39s,John Kohlsmith 18Mar201621h26m39s,johns.staging.tester+18Mar201621h26m39s@gmail.com
18Mar2016,21h27m21s,John Kohlsmith 18Mar201621h27m21s,johns.staging.tester+18Mar201621h27m21s@gmail.com
18Mar2016,21h27m52s,John Kohlsmith 18Mar201621h27m52s,johns.staging.tester+18Mar201621h27m52s@gmail.com
18Mar2016,21h29m47s,John Kohlsmith 18Mar201621h29m47s,johns.staging.tester+18Mar201621h29m47s@gmail.com
18Mar2016,21h31m38s,John Kohlsmith 18Mar201621h31m38s,johns.staging.tester+18Mar201621h31m38s@gmail.com
18Mar2016,21h32m45s,John Kohlsmith 18Mar201621h32m45s,johns.staging.tester+18Mar201621h32m45s@gmail.com
18Mar2016,21h33m28s,John Kohlsmith 18Mar201621h33m28s,johns.staging.tester+18Mar201621h33m28s@gmail.com
18Mar2016,21h34m11s,John Kohlsmith 18Mar201621h34m11s,johns.staging.tester+18Mar201621h34m11s@gmail.com
18Mar2016,22h21m35s,John Kohlsmith 18Mar201622h21m35s,johns.staging.tester+18Mar201622h21m35s@gmail.com
18Mar2016,22h33m42s,John Kohlsmith 18Mar201622h33m42s,johns.staging.tester+18Mar201622h33m42s@gmail.com
18Mar2016,22h52m10s,John Kohlsmith 18Mar201622h52m10s,johns.staging.tester+18Mar201622h52m10s@gmail.com
18Mar2016,22h57m33s,John Kohlsmith 18Mar201622h57m33s,johns.staging.tester+18Mar201622h57m33s@gmail.com
18Mar2016,22h58m23s,John Kohlsmith 18Mar201622h58m23s,johns.staging.tester+18Mar201622h58m23s@gmail.com
18Mar2016,23h10m48s,John Kohlsmith 18Mar201623h10m48s,johns.staging.tester+18Mar201623h10m48s@gmail.com
18Mar2016,23h11m37s,John Kohlsmith 18Mar201623h11m37s,johns.staging.tester+18Mar201623h11m37s@gmail.com
18Mar2016,23h42m16s,John Kohlsmith 18Mar201623h42m16s,johns.staging.tester+18Mar201623h42m16s@gmail.com
18Mar2016,23h43m49s,John Kohlsmith 18Mar201623h43m49s,johns.staging.tester+18Mar201623h43m49s@gmail.com
18Mar2016,23h44m58s,John Kohlsmith 18Mar201623h44m58s,johns.staging.tester+18Mar201623h44m58s@gmail.com
18Mar2016,23h47m28s,John Kohlsmith 18Mar201623h47m28s,johns.staging.tester+18Mar201623h47m28s@gmail.com
18Mar2016,23h50m18s,John Kohlsmith 18Mar201623h50m18s,johns.staging.tester+18Mar201623h50m18s@gmail.com
18Mar2016,23h52m39s,John Kohlsmith 18Mar201623h52m39s,johns.staging.tester+18Mar201623h52m39s@gmail.com
18Mar2016,23h53m36s,John Kohlsmith 18Mar201623h53m36s,johns.staging.tester+18Mar201623h53m36s@gmail.com
18Mar2016,23h55m51s,John Kohlsmith 18Mar201623h55m51s,johns.staging.tester+18Mar201623h55m51s@gmail.com
18Mar2016,23h57m33s,John Kohlsmith 18Mar201623h57m33s,johns.staging.tester+18Mar201623h57m33s@gmail.com
18Mar2016,23h58m42s,John Kohlsmith 18Mar201623h58m42s,johns.staging.tester+18Mar201623h58m42s@gmail.com
18Mar2016,23h59m42s,John Kohlsmith 18Mar201623h59m42s,johns.staging.tester+18Mar201623h59m42s@gmail.com
19Mar2016,00h02m51s,John Kohlsmith 19Mar201600h02m51s,johns.staging.tester+19Mar201600h02m51s@gmail.com
19Mar2016,00h16m55s,John Kohlsmith 19Mar201600h16m55s,johns.staging.tester+19Mar201600h16m55s@gmail.com
19Mar2016,00h17m31s,John Kohlsmith 19Mar201600h17m31s,johns.staging.tester+19Mar201600h17m31s@gmail.com
19Mar2016,00h22m47s,QA 19Mar2016-00h22m47s,johns.staging.tester+19Mar2016-00h22m47s@gmail.com
19Mar2016,10h34m43s,QA 19Mar2016-10h34m43s,johns.staging.tester+19Mar2016-10h34m43s@gmail.com
19Mar2016,10h36m02s,QA 19Mar2016-10h36m02s,johns.staging.tester+19Mar2016-10h36m02s@gmail.com
19Mar2016,23h40m04s,QA 19Mar2016-23h40m04s,johns.staging.tester+19Mar2016-23h40m04s@gmail.com
19Mar2016,23h43m11s,QA 19Mar2016-23h43m11s,johns.staging.tester+19Mar2016-23h43m11s@gmail.com
19Mar2016,23h49m43s,QA 19Mar2016-23h49m43s,johns.staging.tester+19Mar2016-23h49m43s@gmail.com
19Mar2016,23h49m59s,QA 19Mar2016-23h49m59s,johns.staging.tester+19Mar2016-23h49m59s@gmail.com
19Mar2016,23h50m27s,QA 19Mar2016-23h50m27s,johns.staging.tester+19Mar2016-23h50m27s@gmail.com
19Mar2016,23h50m51s,QA 19Mar2016-23h50m51s,johns.staging.tester+19Mar2016-23h50m51s@gmail.com
19Mar2016,23h51m09s,QA 19Mar2016-23h51m09s,johns.staging.tester+19Mar2016-23h51m09s@gmail.com
20Mar2016,00h06m30s,QA 20Mar201600h06m30s,johns.staging.tester+20Mar201600h06m30s@gmail.com
20Mar2016,00h09m08s,QA 20Mar201600h09m08s,johns.staging.tester+20Mar201600h09m08s@gmail.com
20Mar2016,00h10m55s,QA 20Mar201600h10m55s,johns.staging.tester+20Mar201600h10m55s@gmail.com
20Mar2016,00h12m23s,QA 20Mar201600h12m23s,johns.staging.tester+20Mar201600h12m23s@gmail.com
20Mar2016,00h13m23s,QA 20Mar201600h13m23s,johns.staging.tester+20Mar201600h13m23s@gmail.com
20Mar2016,00h14m20s,QA 20Mar201600h14m20s,johns.staging.tester+20Mar201600h14m20s@gmail.com
20Mar2016,00h16m09s,QA 20Mar201600h16m09s,johns.staging.tester+20Mar201600h16m09s@gmail.com
20Mar2016,00h16m22s,QA 20Mar201600h16m22s,johns.staging.tester+20Mar201600h16m22s@gmail.com
20Mar2016,00h16m56s,QA 20Mar201600h16m56s,johns.staging.tester+20Mar201600h16m56s@gmail.com
20Mar2016,00h19m30s,QA 20Mar201600h19m30s,johns.staging.tester+20Mar201600h19m30s@gmail.com
20Mar2016,00h19m58s,QA 20Mar201600h19m58s,johns.staging.tester+20Mar201600h19m58s@gmail.com
20Mar2016,00h20m55s,QA 20Mar201600h20m55s,johns.staging.tester+20Mar201600h20m55s@gmail.com
20Mar2016,10h19m15s,QA 20Mar201610h19m15s,johns.staging.tester+20Mar201610h19m15s@gmail.com
20Mar2016,10h20m50s,QA 20Mar201610h20m50s,johns.staging.tester+20Mar201610h20m50s@gmail.com
20Mar2016,10h32m28s,QA 20Mar201610h32m28s,johns.staging.tester+20Mar201610h32m28s@gmail.com
20Mar2016,10h34m11s,QA 20Mar201610h34m11s,johns.staging.tester+20Mar201610h34m11s@gmail.com
20Mar2016,10h35m37s,QA 20Mar201610h35m37s,johns.staging.tester+20Mar201610h35m37s@gmail.com
20Mar2016,10h36m10s,QA 20Mar201610h36m10s,johns.staging.tester+20Mar201610h36m10s@gmail.com
20Mar2016,11h22m30s,QA 20Mar201611h22m30s,johns.staging.tester+20Mar201611h22m30s@gmail.com
20Mar2016,11h24m20s,QA 20Mar201611h24m20s,johns.staging.tester+20Mar201611h24m20s@gmail.com
20Mar2016,11h24m36s,QA 20Mar201611h24m36s,johns.staging.tester+20Mar201611h24m36s@gmail.com
20Mar2016,11h25m00s,QA 20Mar201611h25m00s,johns.staging.tester+20Mar201611h25m00s@gmail.com
20Mar2016,11h25m38s,QA 20Mar201611h25m38s,johns.staging.tester+20Mar201611h25m38s@gmail.com
20Mar2016,11h27m31s,QA 20Mar201611h27m31s,johns.staging.tester+20Mar201611h27m31s@gmail.com
20Mar2016,11h34m15s,QA 20Mar201611h34m15s,johns.staging.tester+20Mar201611h34m15s@gmail.com
20Mar2016,11h35m07s,QA 20Mar201611h35m07s,johns.staging.tester+20Mar201611h35m07s@gmail.com
20Mar2016,11h42m32s,QA 20Mar201611h42m32s,johns.staging.tester+20Mar201611h42m32s@gmail.com
20Mar2016,11h47m18s,QA 20Mar201611h47m18s,johns.staging.tester+20Mar201611h47m18s@gmail.com
20Mar2016,11h47m53s,QA 20Mar201611h47m53s,johns.staging.tester+20Mar201611h47m53s@gmail.com
20Mar2016,11h48m34s,QA 20Mar201611h48m34s,johns.staging.tester+20Mar201611h48m34s@gmail.com
20Mar2016,12h01m04s,QA 20Mar201612h01m04s,johns.staging.tester+20Mar201612h01m04s@gmail.com
20Mar2016,12h01m43s,QA 20Mar201612h01m43s,johns.staging.tester+20Mar201612h01m43s@gmail.com
20Mar2016,12h11m21s,QA 20Mar201612h11m21s,johns.staging.tester+20Mar201612h11m21s@gmail.com
20Mar2016,12h11m49s,QA 20Mar201612h11m49s,johns.staging.tester+20Mar201612h11m49s@gmail.com
20Mar2016,12h12m29s,QA 20Mar201612h12m29s,johns.staging.tester+20Mar201612h12m29s@gmail.com
20Mar2016,12h14m35s,QA 20Mar201612h14m35s,johns.staging.tester+20Mar201612h14m35s@gmail.com
20Mar2016,12h15m08s,QA 20Mar201612h15m08s,johns.staging.tester+20Mar201612h15m08s@gmail.com
20Mar2016,12h15m24s,QA 20Mar201612h15m24s,johns.staging.tester+20Mar201612h15m24s@gmail.com
20Mar2016,12h16m20s,QA 20Mar201612h16m20s,johns.staging.tester+20Mar201612h16m20s@gmail.com
20Mar2016,12h17m46s,QA 20Mar201612h17m46s,johns.staging.tester+20Mar201612h17m46s@gmail.com
20Mar2016,12h18m02s,QA 20Mar201612h18m02s,johns.staging.tester+20Mar201612h18m02s@gmail.com
20Mar2016,12h20m38s,QA 20Mar201612h20m38s,johns.staging.tester+20Mar201612h20m38s@gmail.com
20Mar2016,12h47m30s,QA 20Mar201612h47m30s,johns.staging.tester+20Mar201612h47m30s@gmail.com
20Mar2016,12h49m14s,QA 20Mar201612h49m14s,johns.staging.tester+20Mar201612h49m14s@gmail.com
20Mar2016,13h14m31s,QA 20Mar201613h14m31s,johns.staging.tester+20Mar201613h14m31s@gmail.com
20Mar2016,13h21m49s,QA 20Mar201613h21m49s,johns.staging.tester+20Mar201613h21m49s@gmail.com
20Mar2016,13h23m14s,QA 20Mar201613h23m14s,johns.staging.tester+20Mar201613h23m14s@gmail.com
20Mar2016,13h41m21s,QA 20Mar201613h41m21s,johns.staging.tester+20Mar201613h41m21s@gmail.com
20Mar2016,13h45m47s,QA 20Mar201613h45m47s,johns.staging.tester+20Mar201613h45m47s@gmail.com
20Mar2016,13h48m10s,QA 20Mar201613h48m10s,johns.staging.tester+20Mar201613h48m10s@gmail.com
